{
    "com.squareup.javapoet.TypeSpecTest-initializersToBuilder": {
        "energy": 860615.375,
        "duration": 85230636.71875,
        "dram": 132508.439453125
    }
}