{
    "com.squareup.javapoet.TypeSpecTest-initializersToBuilder": {
        "energy": 1162352.216796875,
        "duration": 114557195.26757812,
        "dram": 193445.1328125
    }
}