{
    "com.squareup.javapoet.TypeSpecTest-indexedElseIf": {
        "energy": 226525.58984375,
        "duration": 20133037.365234375,
        "dram": 37525.072265625
    },
    "com.squareup.javapoet.TypeSpecTest-ifElse": {
        "energy": 29293.984375,
        "duration": 3345739.92578125,
        "dram": 4328.900390625
    },
    "com.squareup.javapoet.TypeSpecTest-tryCatch": {
        "energy": 321179.388671875,
        "duration": 30591774.240234375,
        "dram": 51424.306640625
    },
    "com.squareup.javapoet.TypeSpecTest-elseIf": {
        "energy": 472803.7421875,
        "duration": 48689928.939453125,
        "dram": 85572.166015625
    }
}