{
    "com.squareup.javapoet.TypeSpecTest-indexedElseIf": {
        "energy": 565399.443359375,
        "duration": 49835209.974609375,
        "dram": 86702.623046875
    },
    "com.squareup.javapoet.TypeSpecTest-ifElse": {
        "energy": 20741.1484375,
        "duration": 2346791.107421875,
        "dram": 2157.580078125
    },
    "com.squareup.javapoet.TypeSpecTest-tryCatch": {
        "energy": 382483.134765625,
        "duration": 39633657.142578125,
        "dram": 65827.970703125
    },
    "com.squareup.javapoet.TypeSpecTest-elseIf": {
        "energy": 31227.701171875,
        "duration": 3424826.919921875,
        "dram": 4793.279296875
    }
}