{
    "com.squareup.javapoet.FileWritingTest-fileIsUtf8": {
        "energy": 231261.423828125,
        "duration": 23869756.5390625,
        "dram": 34669.546875
    },
    "com.squareup.javapoet.FileWritingTest-pathNestedClasses": {
        "energy": 93320.029296875,
        "duration": 9310279.595703125,
        "dram": 14436.5390625
    },
    "com.squareup.javapoet.FileWritingTest-fileDefaultPackage": {
        "energy": 599769.0078125,
        "duration": 55865073.724609375,
        "dram": 107334.232421875
    },
    "com.squareup.javapoet.FileWritingTest-pathNotDirectory": {
        "energy": 59102.96875,
        "duration": 7344489.212890625,
        "dram": 12901.4453125
    },
    "com.squareup.javapoet.FileWritingTest-fileNestedClasses": {
        "energy": 62475.373046875,
        "duration": 6627247.541015625,
        "dram": 10205.892578125
    },
    "com.squareup.javapoet.FileWritingTest-pathDefaultPackage": {
        "energy": 122327.3125,
        "duration": 12692863.859375,
        "dram": 18913.03125
    },
    "com.squareup.javapoet.FileWritingTest-fileNotDirectory": {
        "energy": 17079.333984375,
        "duration": 2176627.99609375,
        "dram": 2509.765625
    }
}