{
    "com.squareup.javapoet.JavaFileTest-importStaticOnce": {
        "energy": 54202.166015625,
        "duration": 7914056.099609375,
        "dram": 18310.828125
    },
    "com.squareup.javapoet.TypeSpecTest-nameFromParameter": {
        "energy": 4975.716796875,
        "duration": 947896.109375,
        "dram": 725.759765625
    },
    "com.squareup.javapoet.TypeSpecTest-membersOrdering": {
        "energy": 33255.884765625,
        "duration": 5190857.841796875,
        "dram": 9740.05859375
    },
    "com.squareup.javapoet.ParameterSpecTest-parameterVariableElement": {
        "energy": 440206.2734375,
        "duration": 37847906.328125,
        "dram": 94576.62890625
    },
    "com.squareup.javapoet.TypeSpecTest-lineWrapping": {
        "energy": 173507.546875,
        "duration": 16619047.6015625,
        "dram": 41968.36328125
    },
    "com.squareup.javapoet.TypeSpecTest-codeBlocks": {
        "energy": 44550.529296875,
        "duration": 4900259.673828125,
        "dram": 11331.779296875
    },
    "com.squareup.javapoet.AnnotatedTypeNameTest-annotatedArrayTypeInVarargsParameter": {
        "energy": 18183.21484375,
        "duration": 2483888.001953125,
        "dram": 4744.916015625
    },
    "com.squareup.javapoet.TypeSpecTest-ifElse": {
        "energy": 11671.4140625,
        "duration": 1574283.095703125,
        "dram": 2590.568359375
    },
    "com.squareup.javapoet.TypeSpecTest-anonymousInnerClass": {
        "energy": 34390.453125,
        "duration": 4174435.51171875,
        "dram": 7528.34765625
    },
    "com.squareup.javapoet.JavaFileTest-importStaticMixed": {
        "energy": 222307.45703125,
        "duration": 21223262.78125,
        "dram": 51065.685546875
    },
    "com.squareup.javapoet.ParameterSpecTest-equalsAndHashCode": {
        "energy": 241090.181640625,
        "duration": 25147234.779296875,
        "dram": 55349.458984375
    },
    "com.squareup.javapoet.MethodSpecTest-overrideGenerics": {
        "energy": 62235.919921875,
        "duration": 6588353.796875,
        "dram": 13882.37890625
    },
    "com.squareup.javapoet.JavaFileTest-defaultPackage": {
        "energy": 394262.8828125,
        "duration": 40860146.4609375,
        "dram": 43193.576171875
    },
    "com.squareup.javapoet.TypeSpecTest-typeVariables": {
        "energy": 46080.26953125,
        "duration": 4877943.880859375,
        "dram": 11073.638671875
    },
    "com.squareup.javapoet.TypeSpecTest-multilineStatementWithAnonymousClass": {
        "energy": 32885.966796875,
        "duration": 3338919.80078125,
        "dram": 7172.435546875
    },
    "com.squareup.javapoet.TypeSpecTest-javadoc": {
        "energy": 17866.13671875,
        "duration": 2149273.806640625,
        "dram": 4280.15625
    },
    "com.squareup.javapoet.ParameterSpecTest-modifyModifiers": {
        "energy": 9411.06640625,
        "duration": 1827866.912109375,
        "dram": 2290.443359375
    },
    "com.squareup.javapoet.MethodSpecTest-overrideDoesNotCopyParameterAnnotations": {
        "energy": 580597.21875,
        "duration": 53838766.12109375,
        "dram": 134226.12890625
    },
    "com.squareup.javapoet.JavaFileTest-importStaticNone": {
        "energy": 91506.302734375,
        "duration": 8875171.671875,
        "dram": 19899.474609375
    },
    "com.squareup.javapoet.TypeSpecTest-annotatedParameters": {
        "energy": 51508.634765625,
        "duration": 5410172.765625,
        "dram": 12636.1015625
    },
    "com.squareup.javapoet.TypeSpecTest-constructorToString": {
        "energy": 8843.5390625,
        "duration": 1263490.12890625,
        "dram": 799.134765625
    },
    "com.squareup.javapoet.TypeSpecTest-parameterToString": {
        "energy": 6172.291015625,
        "duration": 1109566.1015625,
        "dram": 1193.353515625
    },
    "com.squareup.javapoet.TypeSpecTest-tryCatch": {
        "energy": 41009.880859375,
        "duration": 4367764.109375,
        "dram": 10323.505859375
    },
    "com.squareup.javapoet.TypeSpecTest-varargs": {
        "energy": 34875.33984375,
        "duration": 4827018.17578125,
        "dram": 8328.498046875
    },
    "com.squareup.javapoet.TypeSpecTest-nativeMethods": {
        "energy": 22880.01953125,
        "duration": 2607758.169921875,
        "dram": 5586.142578125
    },
    "com.squareup.javapoet.ParameterSpecTest-addNonFinalModifier": {
        "energy": 11863.94140625,
        "duration": 2489382.435546875,
        "dram": 2605.5625
    },
    "com.squareup.javapoet.MethodSpecTest-withoutParameterJavaDoc": {
        "energy": 11400.404296875,
        "duration": 1711518.12890625,
        "dram": 2711.642578125
    },
    "com.squareup.javapoet.ParameterSpecTest-modifyAnnotations": {
        "energy": 73941.13671875,
        "duration": 7545488.650390625,
        "dram": 16061.50390625
    },
    "com.squareup.javapoet.JavaFileTest-importStaticTwice": {
        "energy": 62431.943359375,
        "duration": 7273902.162109375,
        "dram": 18134.708984375
    },
    "com.squareup.javapoet.JavaFileTest-importStaticUsingWildcards": {
        "energy": 45089.3125,
        "duration": 4979752.666015625,
        "dram": 10324.439453125
    },
    "com.squareup.javapoet.TypeSpecTest-enumWithSubclassing": {
        "energy": 32508.7890625,
        "duration": 3961202.04296875,
        "dram": 8057.552734375
    },
    "com.squareup.javapoet.MethodSpecTest-overrideEverything": {
        "energy": 129239.27734375,
        "duration": 12163975.396484375,
        "dram": 30119.212890625
    },
    "com.squareup.javapoet.ParameterSpecTest-nullAnnotationsAddition": {
        "energy": 8148.595703125,
        "duration": 1701279.19921875,
        "dram": 246.9765625
    },
    "com.squareup.javapoet.MethodSpecTest-equalsAndHashCode": {
        "energy": 568550.515625,
        "duration": 51199396.060546875,
        "dram": 137229.4453125
    },
    "com.squareup.javapoet.MethodSpecTest-withParameterJavaDocAndWithoutMethodJavadoc": {
        "energy": 9212.5,
        "duration": 1687171.5078125,
        "dram": 2955.193359375
    },
    "com.squareup.javapoet.MethodSpecTest-withParameterJavaDoc": {
        "energy": 11020.48828125,
        "duration": 1634564.90625,
        "dram": 3936.357421875
    },
    "com.squareup.javapoet.TypeSpecTest-retrofitStyleInterface": {
        "energy": 37867.607421875,
        "duration": 4296861.876953125,
        "dram": 6978.7421875
    },
    "com.squareup.javapoet.FileWritingTest-filerClassesWithTabIndent": {
        "energy": 198144.833984375,
        "duration": 22023046.8984375,
        "dram": 49242.716796875
    },
    "com.squareup.javapoet.AnnotatedTypeNameTest-annotatedArrayTypeVarargsParameter": {
        "energy": 1312613.384765625,
        "duration": 115889682.35546875,
        "dram": 289236.85546875
    },
    "com.squareup.javapoet.MethodSpecTest-overrideExtendsOthersWorksWithActualTypeParameters": {
        "energy": 236247.515625,
        "duration": 22675199.04296875,
        "dram": 54721.060546875
    },
    "com.squareup.javapoet.MethodSpecTest-modifyParameters": {
        "energy": 7109.021484375,
        "duration": 1301822.75390625,
        "dram": 2525.880859375
    }
}