{
    "com.squareup.javapoet.JavaFileTest-importStaticOnce": {
        "energy": 42518.271484375,
        "duration": 4629915.71875,
        "dram": 9597.548828125
    },
    "com.squareup.javapoet.TypeSpecTest-nameFromParameter": {
        "energy": 7032.494140625,
        "duration": 1651899.98046875,
        "dram": 857.37109375
    },
    "com.squareup.javapoet.TypeSpecTest-membersOrdering": {
        "energy": 93890.25390625,
        "duration": 9086976.51171875,
        "dram": 20095.80078125
    },
    "com.squareup.javapoet.ParameterSpecTest-parameterVariableElement": {
        "energy": 394551.580078125,
        "duration": 38237848.921875,
        "dram": 86077.953125
    },
    "com.squareup.javapoet.TypeSpecTest-lineWrapping": {
        "energy": 76455.958984375,
        "duration": 8038353.62109375,
        "dram": 20865.423828125
    },
    "com.squareup.javapoet.TypeSpecTest-codeBlocks": {
        "energy": 108043.53125,
        "duration": 11818381.87890625,
        "dram": 26605.0
    },
    "com.squareup.javapoet.AnnotatedTypeNameTest-annotatedArrayTypeInVarargsParameter": {
        "energy": 24878.765625,
        "duration": 2774775.064453125,
        "dram": 4153.66015625
    },
    "com.squareup.javapoet.TypeSpecTest-ifElse": {
        "energy": 14019.06640625,
        "duration": 2092203.384765625,
        "dram": 2889.18359375
    },
    "com.squareup.javapoet.TypeSpecTest-anonymousInnerClass": {
        "energy": 47724.498046875,
        "duration": 7876324.08984375,
        "dram": 11452.849609375
    },
    "com.squareup.javapoet.JavaFileTest-importStaticMixed": {
        "energy": 257620.76953125,
        "duration": 25381940.0546875,
        "dram": 60500.11328125
    },
    "com.squareup.javapoet.ParameterSpecTest-equalsAndHashCode": {
        "energy": 76556.958984375,
        "duration": 9298463.14453125,
        "dram": 15491.09375
    },
    "com.squareup.javapoet.MethodSpecTest-overrideGenerics": {
        "energy": 72953.08203125,
        "duration": 7363619.396484375,
        "dram": 17929.171875
    },
    "com.squareup.javapoet.JavaFileTest-defaultPackage": {
        "energy": 32591.0546875,
        "duration": 30329018.25,
        "dram": 8582.724609375
    },
    "com.squareup.javapoet.TypeSpecTest-typeVariables": {
        "energy": 41550.09765625,
        "duration": 4346602.0078125,
        "dram": 11124.490234375
    },
    "com.squareup.javapoet.TypeSpecTest-multilineStatementWithAnonymousClass": {
        "energy": 60204.353515625,
        "duration": 7536891.091796875,
        "dram": 18142.90625
    },
    "com.squareup.javapoet.TypeSpecTest-javadoc": {
        "energy": 17323.6484375,
        "duration": 2247850.40234375,
        "dram": 5231.75390625
    },
    "com.squareup.javapoet.ParameterSpecTest-modifyModifiers": {
        "energy": 11609.953125,
        "duration": 1829003.224609375,
        "dram": 4213.96875
    },
    "com.squareup.javapoet.MethodSpecTest-overrideDoesNotCopyParameterAnnotations": {
        "energy": 696406.544921875,
        "duration": 65703959.259765625,
        "dram": 173434.63671875
    },
    "com.squareup.javapoet.JavaFileTest-importStaticNone": {
        "energy": 71237.1171875,
        "duration": 7177775.814453125,
        "dram": 14989.21875
    },
    "com.squareup.javapoet.TypeSpecTest-annotatedParameters": {
        "energy": 49363.6796875,
        "duration": 9695801.48046875,
        "dram": 23142.671875
    },
    "com.squareup.javapoet.TypeSpecTest-constructorToString": {
        "energy": 23835.435546875,
        "duration": 3538302.099609375,
        "dram": 4151.076171875
    },
    "com.squareup.javapoet.TypeSpecTest-parameterToString": {
        "energy": 6844.365234375,
        "duration": 1422844.91796875,
        "dram": 1865.755859375
    },
    "com.squareup.javapoet.TypeSpecTest-tryCatch": {
        "energy": 24710.59765625,
        "duration": 2938746.94921875,
        "dram": 5763.5859375
    },
    "com.squareup.javapoet.TypeSpecTest-varargs": {
        "energy": 65807.744140625,
        "duration": 6332578.23046875,
        "dram": 17115.412109375
    },
    "com.squareup.javapoet.TypeSpecTest-nativeMethods": {
        "energy": 20793.1640625,
        "duration": 2414572.37109375,
        "dram": 3912.87109375
    },
    "com.squareup.javapoet.ParameterSpecTest-addNonFinalModifier": {
        "energy": 40348.4375,
        "duration": 5306168.1875,
        "dram": 8049.974609375
    },
    "com.squareup.javapoet.MethodSpecTest-withoutParameterJavaDoc": {
        "energy": 8760.703125,
        "duration": 1408022.484375,
        "dram": 3035.51953125
    },
    "com.squareup.javapoet.ParameterSpecTest-modifyAnnotations": {
        "energy": 96249.2265625,
        "duration": 9202276.5546875,
        "dram": 21396.49609375
    },
    "com.squareup.javapoet.JavaFileTest-importStaticTwice": {
        "energy": 74625.44921875,
        "duration": 7787717.7265625,
        "dram": 17352.765625
    },
    "com.squareup.javapoet.JavaFileTest-importStaticUsingWildcards": {
        "energy": 37652.349609375,
        "duration": 4398043.5078125,
        "dram": 8539.11328125
    },
    "com.squareup.javapoet.TypeSpecTest-enumWithSubclassing": {
        "energy": 163063.76953125,
        "duration": 16355658.94140625,
        "dram": 46465.4375
    },
    "com.squareup.javapoet.MethodSpecTest-overrideEverything": {
        "energy": 131032.75390625,
        "duration": 12317657.267578125,
        "dram": 30174.3203125
    },
    "com.squareup.javapoet.ParameterSpecTest-nullAnnotationsAddition": {
        "energy": 8833.783203125,
        "duration": 1584240.87109375,
        "dram": 1961.05859375
    },
    "com.squareup.javapoet.MethodSpecTest-equalsAndHashCode": {
        "energy": 562205.623046875,
        "duration": 53443797.447265625,
        "dram": 142274.943359375
    },
    "com.squareup.javapoet.MethodSpecTest-withParameterJavaDocAndWithoutMethodJavadoc": {
        "energy": 7951.7890625,
        "duration": 1257445.3671875,
        "dram": 1580.865234375
    },
    "com.squareup.javapoet.MethodSpecTest-withParameterJavaDoc": {
        "energy": 12377.625,
        "duration": 5609126.138671875,
        "dram": 1448.205078125
    },
    "com.squareup.javapoet.TypeSpecTest-retrofitStyleInterface": {
        "energy": 43902.279296875,
        "duration": 5381400.765625,
        "dram": 12313.7578125
    },
    "com.squareup.javapoet.FileWritingTest-filerClassesWithTabIndent": {
        "energy": 228518.3359375,
        "duration": 24694754.056640625,
        "dram": 63066.947265625
    },
    "com.squareup.javapoet.AnnotatedTypeNameTest-annotatedArrayTypeVarargsParameter": {
        "energy": 1556196.67578125,
        "duration": 130748257.9921875,
        "dram": 334557.123046875
    },
    "com.squareup.javapoet.MethodSpecTest-overrideExtendsOthersWorksWithActualTypeParameters": {
        "energy": 327755.033203125,
        "duration": 30775311.015625,
        "dram": 78032.0234375
    },
    "com.squareup.javapoet.MethodSpecTest-modifyParameters": {
        "energy": 5425.134765625,
        "duration": 3153208.328125,
        "dram": 1147.013671875
    }
}